{"count":1,"self":48.9746496,"total":49.592868599999996,"children":{"InitializeActuators":{"count":1,"self":0.00099129999999999986,"total":0.00099129999999999986,"children":null},"InitializeSensors":{"count":1,"self":0.0019841999999999998,"total":0.0019841999999999998,"children":null},"AgentSendState":{"count":2240,"self":0.0292616,"total":0.035707499999999996,"children":{"CollectObservations":{"count":448,"self":0.001486,"total":0.001486,"children":null},"WriteActionMask":{"count":448,"self":0.00099169999999999987,"total":0.00099169999999999987,"children":null},"RequestDecision":{"count":448,"self":0.0019846,"total":0.0039682,"children":{"RayPerceptionSensor.Perceive":{"count":448,"self":0.0019836,"total":0.0019836,"children":null}}}}},"DecideAction":{"count":2240,"self":0.0094247999999999988,"total":0.0094247999999999988,"children":null},"AgentAct":{"count":2240,"self":0.56911939999999994,"total":0.56911939999999994,"children":null}},"gauges":{},"metadata":{"timer_format_version":"0.1.0","start_time_seconds":"1627635038","unity_version":"2021.1.15f1","command_line_arguments":"C:\\Program Files\\Unity\\Hub\\Editor\\2021.1.15f1\\Editor\\Unity.exe -projectpath C:\/Github\/ML-Agent\/Mummy -useHub -hubIPC -cloudEnvironment production -hubSessionId e5b5c1d0-f0d0-11eb-93ac-0f197b390979 -accessToken aQKutkhs2y3lD-MWecu-9l85NpooL6_H7GBqvyPWr3k00df","communication_protocol_version":"1.5.0","com.unity.ml-agents_version":"2.1.0-exp.1","scene_name":"MummyRay","end_time_seconds":"1627635088"}}