{"count":1,"self":731.0629888,"total":5078.7161098999995,"children":{"InitializeActuators":{"count":8,"self":0.00099209999999999988,"total":0.00099209999999999988,"children":null},"InitializeSensors":{"count":8,"self":0.0233119,"total":0.0233119,"children":null},"AgentSendState":{"count":560251,"self":3.4049416,"total":870.90670779999994,"children":{"CollectObservations":{"count":896408,"self":0.34431049999999996,"total":0.34431049999999996,"children":null},"WriteActionMask":{"count":896408,"self":0.5734869,"total":0.5734869,"children":null},"RequestDecision":{"count":896408,"self":2.6654936,"total":866.5839688,"children":{"AgentInfo.ToProto":{"count":896408,"self":2.6419316,"total":863.9184752,"children":{"GenerateSensorData":{"count":896408,"self":24.706318399999997,"total":861.2765436,"children":{"CameraSensor.GetCompressedObservation":{"count":896408,"self":836.57021439999994,"total":836.5702259,"children":null}}}}}}}}},"DecideAction":{"count":560251,"self":2897.5153152,"total":2897.5153026999997,"children":null},"AgentAct":{"count":560251,"self":569.7356288,"total":569.74109509999994,"children":{"AgentInfo.ToProto":{"count":4,"self":0,"total":0.0054535,"children":{"GenerateSensorData":{"count":4,"self":0.00049489999999999994,"total":0.0054535,"children":{"CameraSensor.GetCompressedObservation":{"count":4,"self":0.0049586,"total":0.0049586,"children":null}}}}}}},"AgentInfo.ToProto":{"count":7225,"self":0.0411599,"total":9.464711,"children":{"GenerateSensorData":{"count":7225,"self":0.2761822,"total":9.4235511,"children":{"CameraSensor.GetCompressedObservation":{"count":7225,"self":9.1473687999999989,"total":9.1473689,"children":null}}}}}},"gauges":{"MummyCamera.CumulativeReward":{"count":7229,"max":25.17946,"min":-3.10002375,"runningAverage":4.09938145,"value":21.5730743,"weightedAverage":11.1365786}},"metadata":{"timer_format_version":"0.1.0","start_time_seconds":"1627872110","unity_version":"2021.1.15f1","command_line_arguments":"C:\\Program Files\\Unity\\Hub\\Editor\\2021.1.15f1\\Editor\\Unity.exe -projectpath C:\/Github\/ML-Agent\/Mummy -useHub -hubIPC -cloudEnvironment production -hubSessionId 64b98a00-f326-11eb-b615-7be8e3707c79 -accessToken 65JE9zSkVQS4-Z9XVKbWydVpdPdO3tUflXovigcwYdg00df","communication_protocol_version":"1.5.0","com.unity.ml-agents_version":"2.1.0-exp.1","scene_name":"MummyRay","end_time_seconds":"1627877189"}}